,"('ARVN US Equity', 24.0, Timestamp('2018-10-30 00:00:00', freq='B'))","('NIU US Equity', 12.0, Timestamp('2018-11-05 00:00:00', freq='B'))","('JG US Equity', 24.0, Timestamp('2018-09-03 00:00:00', freq='B'))","('NFE US Equity', 20.0, Timestamp('2019-02-27 00:00:00', freq='B'))","('AUTL US Equity', 38.0, Timestamp('2018-09-03 00:00:00', freq='B'))","('VIOT US Equity', 28.0, Timestamp('2018-11-02 00:00:00', freq='B'))","('AVRO US Equity', 21.0, Timestamp('2018-09-03 00:00:00', freq='B'))","('ALEC US Equity', 10.0, Timestamp('2019-02-20 00:00:00', freq='B'))","('MOGU US Equity', 16.0, Timestamp('2018-12-28 00:00:00', freq='B'))","('EPRT US Equity', 17.0, Timestamp('2018-09-03 00:00:00', freq='B'))","('ARCE US Equity', 44.0, Timestamp('2018-11-26 00:00:00', freq='B'))","('GOSS US Equity', 10.0, Timestamp('2019-02-21 00:00:00', freq='B'))","('SWI US Equity', 32.0, Timestamp('2018-12-03 00:00:00', freq='B'))","('ALLK US Equity', 10.0, Timestamp('2018-09-03 00:00:00', freq='B'))","('TENB US Equity', 10.0, Timestamp('2018-09-03 00:00:00', freq='B'))","('YETI US Equity', 21.0, Timestamp('2018-11-22 00:00:00', freq='B'))","('PLAN US Equity', 20.0, Timestamp('2018-11-08 00:00:00', freq='B'))","('BV US Equity', 20.0, Timestamp('2018-09-03 00:00:00', freq='B'))","('FOCS US Equity', 13.0, Timestamp('2018-09-03 00:00:00', freq='B'))","('LTHM US Equity', 20.0, Timestamp('2018-11-07 00:00:00', freq='B'))","('GH US Equity', 10.0, Timestamp('2018-10-17 00:00:00', freq='B'))","('ARLO US Equity', 16.0, Timestamp('2018-09-03 00:00:00', freq='B'))","('ESTC US Equity', 25.0, Timestamp('2018-11-08 00:00:00', freq='B'))","('ALLO US Equity', 18.0, Timestamp('2018-11-05 00:00:00', freq='B'))","('BE US Equity', 11.0, Timestamp('2018-09-03 00:00:00', freq='B'))","('CWK US Equity', 30.0, Timestamp('2018-09-12 00:00:00', freq='B'))","('BJ US Equity', 11.0, Timestamp('2018-09-03 00:00:00', freq='B'))","('SONO US Equity', 16.0, Timestamp('2018-09-03 00:00:00', freq='B'))","('TME US Equity', 29.0, Timestamp('2019-01-21 00:00:00', freq='B'))","('TLRY US Equity', 23.0, Timestamp('2018-09-03 00:00:00', freq='B'))","('PDD US Equity', 37.0, Timestamp('2018-09-14 00:00:00', freq='B'))","('6100 HK Equity', 16.0, Timestamp('2018-09-03 00:00:00', freq='B'))","('1773 HK Equity', 12.0, Timestamp('2018-09-03 00:00:00', freq='B'))","('1996 HK Equity', 10.0, Timestamp('2018-09-03 00:00:00', freq='B'))","('VEA AU Equity', 10.0, Timestamp('2018-09-03 00:00:00', freq='B'))","('2048 HK Equity', 43.0, Timestamp('2018-09-19 00:00:00', freq='B'))","('3612 JP Equity', 15.0, Timestamp('2018-10-19 00:00:00', freq='B'))","('1801 HK Equity', 11.0, Timestamp('2018-11-15 00:00:00', freq='B'))","('780 HK Equity', 41.0, Timestamp('2019-01-22 00:00:00', freq='B'))","('1119 HK Equity', 12.0, Timestamp('2018-12-24 00:00:00', freq='B'))","('4423 JP Equity', 26.0, Timestamp('2019-01-17 00:00:00', freq='B'))","('298380 KS Equity', 10.0, Timestamp('2019-01-02 00:00:00', freq='B'))","('4425 JP Equity', 16.0, Timestamp('2019-01-10 00:00:00', freq='B'))","('9434 JP Equity', 10.0, Timestamp('2019-01-02 00:00:00', freq='B'))","('263050 KS Equity', 10.0, Timestamp('2019-01-07 00:00:00', freq='B'))","('1896 HK Equity', 19.0, Timestamp('2019-03-01 00:00:00', freq='B'))","('2616 HK Equity', 16.0, Timestamp('2019-03-20 00:00:00', freq='B'))","('247540 KS Equity', 11.0, Timestamp('2019-03-20 00:00:00', freq='B'))"
2018-09-03,,,0.0,,0.0,,0.0,,,0.0,,,,0.0,0.0,,,0.0,0.0,,,0.0,,,0.0,,0.0,0.0,,0.0,,-0.013761697119265523,-0.04053372427453226,0.012864333977895041,-0.007822845161148053,,,,,,,,,,,,,
2018-09-04,,,-0.08774427590661835,,-0.01398766215000454,,-0.04866338590869789,,,0.007138954197780739,,,,0.028891004364089198,0.006255379444062518,,,0.002516341853999253,0.0875460882789703,,,-0.007282325287546625,,,-0.04758687070747693,,0.022861050969894898,-0.002807322932282234,,0.18196212198996362,,0.06030410919536504,0.005446833229878814,-0.02393622026484983,-0.024323586855649122,,,,,,,,,,,,,
2018-09-05,,,-0.10413655477966027,,0.02464150321799842,,-0.024938384130890272,,,0.011852850222232788,,,,0.05900238664369257,-0.031291876066500204,,,0.01938921874320576,0.0444711086343297,,,-0.030790545571229663,,,-0.008773853355252851,,0.006376709619347871,-0.009541614341877903,,0.1682630318066194,,-0.0318442812564652,-0.012086605986037675,-0.022908690263634745,0.009377949089792226,,,,,,,,,,,,,
2018-09-06,,,0.11047100396596085,,-0.008193895927283566,,0.028878676395720424,,,0.0025166475730264556,,,,0.0200596274585837,-0.04406532871534029,,,0.03109174326938706,-0.002785048469215002,,,-0.035132673164969194,,,0.019195871200023126,,0.03977993953241468,-0.03874287586819801,,-0.10678725446719894,,-0.040175337357299265,-0.02083575127870051,-0.0018422164193611004,-0.003146303744967838,,,,,,,,,,,,,
2018-09-07,,,-0.17381431736806482,,0.04699059269423528,,0.01917709617758744,,,-0.014742404530320977,,,,0.08482758230601074,0.015731286457592943,,,-0.006404077540281365,-0.011106445420756849,,,-0.007665277751108841,,,0.06661187855428878,,-0.024012584810490168,0.030760688317274597,,-0.026483859786722134,,-0.06493560658468149,-0.005265981954427105,-0.02045279236308041,-0.02522802685739482,,,,,,,,,,,,,
2018-09-10,,,0.023955292673940115,,0.0742123684371337,,-0.007567453774736871,,,0.018661069350311178,,,,-0.07927510214295759,0.04485504992749352,,,-0.01986784080436589,0.0007564714208844939,,,0.007347538291544375,,,-0.05098162299728462,,0.015358971134774892,0.13185107811455302,,0.08391434682683967,,0.002463624247708654,-0.062474785606714524,-0.017716093338940933,-0.013455227484143498,,,,,,,,,,,,,
2018-09-11,,,0.01869082868178826,,-0.06427615960582539,,0.07141899682683765,,,-0.003245227889037106,,,,-0.006060838655802609,0.03518980536739472,,,0.021270576886005657,-0.015915460586359835,,,0.02226612051357439,,,0.005358996680887596,,-0.02593923862232786,-0.22220890203261048,,0.13173954847385835,,0.05432593050787278,-0.042128312923115,0.0035859727911707515,0.07063930511675656,,,,,,,,,,,,,
2018-09-12,,,0.030346699632925876,,-0.04881833089210464,,0.03932505511241018,,,-0.0008669323855091911,,,,0.03956915566389244,0.047075065445757173,,,-0.012563899012729338,0.005865269366906814,,,0.028209457002913964,,,0.09038899651732797,-0.010936803189038448,-0.004782079658957678,0.036053553165866455,,0.09544751731752053,,-0.02871434693493378,0.0074547635362768525,-0.009247546130104738,0.021748958348411014,,,,,,,,,,,,,
2018-09-13,,,0.0032830452128489816,,-0.03728626499290498,,,,,-0.005390251496993506,,,,-0.002191384004569027,-0.02802183606316328,,,-0.00155061286237065,0.003580715403428977,,,-0.07087029206993145,,,-0.009848897261616474,-0.018954339106364394,-0.044266497058368846,-0.028282151044290563,,0.13847369117605865,,-0.008556050069683078,-0.0246101895678059,0.01617543876294882,-0.0003773640061250118,,,,,,,,,,,,,
2018-09-14,,,0.0010401237918382313,,0.04515843473769383,,,,,-0.0029016347942308904,,,,-0.001486350176584444,-0.014894676954137548,,,0.01075551367767084,-0.03979658112376544,,,-0.01299407683613233,,,-0.0664256112975718,-0.003454482095099188,-0.016339042402833334,-0.0043243353805063715,,-0.08956659022512388,-0.12096550287017363,0.023892765244451965,0.04315991649407851,-0.01555917037973252,0.005446449999110011,,,,,,,,,,,,,
2018-09-17,,,-0.03368571536181487,,-0.002548460459854031,,,,,-0.0013652534347127526,,,,-0.0071183456725481,0.03097870547259828,,,-0.0009866788506586394,0.02454330981841723,,,-0.007407652607834381,,,-0.01682297026377554,-0.00997164404277141,-0.02069095053226695,-0.08430221421360774,,0.10493984765568931,-0.07238596995112208,,-0.010762696332261592,-0.00770571418503717,0.006812410320144382,,,,,,,,,,,,,
2018-09-18,,,-0.0014635044560965208,,-0.029159036508196883,,,,,-0.005467618559866284,,,,0.018002013986462107,0.021594271815047427,,,-0.008633667386129595,0.01361275638287621,,,-0.04673484892652561,,,0.029039632253936826,0.005180662862228159,-0.0069902107363011955,-0.07307924251920288,,0.28677385192336813,-0.07329205904327173,,0.02057350733897463,-0.002818305526522468,-0.0022874978335648646,,,,,,,,,,,,,
2018-09-19,,,0.00181236952213428,,0.012798474219669922,,,,,0.002164225349346247,,,,0.007836596802268888,-0.059187725699119315,,,,-0.010034394872386136,,,-0.03653329759701472,,,-0.023019702996452087,-0.017906476495757627,0.010544516303061337,0.016004626094381327,,0.38058382390334466,0.015274405202561564,,0.005471140174127058,0.012028180256346919,-0.014805448500486517,-0.005957431254444381,,,,,,,,,,,,
2018-09-20,,,0.010678252658236173,,-0.035849635313836135,,,,,0.0037187775602669036,,,,-0.009220640844639636,0.07072426227528414,,,,0.008166913030273795,,,-0.06971792870438467,,,0.0220626184951569,0.01706666656783799,0.02637194344596439,-0.034898359189802754,,-0.18008584854539655,0.06781884294703341,,-0.04083052434931166,,0.005873320053027362,-0.0012825017504415651,,,,,,,,,,,,
2018-09-21,,,-0.011806154496346593,,0.0401842531775143,,,,,-0.003261071179274615,,,,0.05791071854163509,0.024164407532530744,,,,0.016392399903895124,,,-0.009782524231123621,,,0.031507145546724465,0.00018425317751427574,0.008485878912554002,-0.048666321535129384,,-0.3023391378063247,0.03872380693004989,,0.04428123550761719,,,-0.0017154965185266682,,,,,,,,,,,,
2018-09-24,,,-0.08562076360964613,,-0.08056331041729255,,,,,-0.01623562698307332,,,,-0.01734371813101595,0.0022962351751284298,,,,0.017497646317105445,,,-0.03716829732959132,,,0.043761108184823594,0.0012023216114973331,-0.02191279178663477,0.06369141191025542,,-0.18929903340205273,0.03652350216705286,,,,,0.008124004152598742,,,,,,,,,,,,
2018-09-25,,,-0.019294270463045778,,0.002490773341710124,,,,,0.010516051134019452,,,,-0.0034133725023754017,0.014373280581894252,,,,-0.04108299914249011,,,-0.018202210555759473,,,0.057396724094104026,-0.023249629823447002,-0.013402275726125122,-0.04913409068640478,,0.0848736435752306,0.017640080516448733,,,,,0.0,,,,,,,,,,,,
2018-09-26,,,0.004358328223582924,,-0.003859963138621789,,,,,-0.011608747550137206,,,,,0.011198764144729983,,,,0.027302235056582465,,,-0.034654308367000286,,,0.05211410758541655,-0.0034806607206995326,-0.056445183537897285,0.07350091144249123,,0.06300910306813869,-0.03102055786833049,,,,,-0.005772491680724546,,,,,,,,,,,,
2018-09-27,,,-0.09881059654046237,,0.06983607368808019,,,,,0.009682103415987306,,,,,0.007819202730727143,,,,-0.040481911770521475,,,0.05179413699101757,,,-0.06283415245552189,-0.025422851997913807,-0.013489092140195563,0.004903277712075749,,0.14534325234065287,0.00897906757389012,,,,,-0.0009395806610681316,,,,,,,,,,,,
2018-09-28,,,0.028489188830430414,,0.05649671451987638,,,,,0.008531423071572912,,,,,0.012767172266427958,,,,0.038288270912666414,,,0.017534988511235115,,,0.014289145994705266,-0.003515629874586771,0.025664098120327793,0.11311932345083694,,0.09383435326268484,-0.001515747934001677,,,,,-0.0013142384795316545,,,,,,,,,,,,
2018-10-01,,,-0.030975053065290588,,-0.0027986886632719336,,,,,0.001702146304975045,,,,,-0.011079793374112492,,,,-0.0022419416159068315,,,-0.001131354238905639,,,-0.054930862753350754,-0.009472093855877321,0.013489398670807699,-0.08349135705749657,,0.14690527009068904,0.051431653028547374,,,,,0.0,,,,,,,,,,,,
2018-10-02,,,-0.005807687609239232,,-0.026890454449186283,,,,,-0.006115923245512699,,,,,-0.019531691987449345,,,,-0.024042828314868942,,,-0.052143279399376456,,,-0.06332817680001054,-0.019374635339887925,-0.028120916616105582,-0.03442489952584013,,-0.16230622760880967,-0.0731133464641939,,,,,0.006381409193884658,,,,,,,,,,,,
2018-10-03,,,0.05704606618557035,,-0.0389334050071091,,,,,-0.010960861911860267,,,,,0.005735355191663977,,,,0.015414398236433301,,,-0.035239467433483974,,,0.000636973549693724,-0.009430156666590896,0.006078772800306457,0.03269629287790184,,0.13469527759749428,0.023806373527925584,,,,,0.0034289815063660886,,,,,,,,,,,,
2018-10-04,,,-0.07448667070015139,,-0.1337379916053453,,,,,-0.010197185880738951,,,,,-0.011182417701242064,,,,-0.014843357824171597,,,0.01312090244959049,,,,0.02178927557579503,-0.022240928476974037,-0.007487740426884851,,-0.06771272985428567,-0.13214050849097558,,,,,-0.020499999824397926,,,,,,,,,,,,
2018-10-05,,,-0.004987955230094236,,0.11567373589078385,,,,,0.008558044399052552,,,,,-0.02476876250087732,,,,-0.015011868101873887,,,-0.006937509782911631,,,,-0.0044345775335406104,-0.03238472330971556,-0.008944006226314388,,0.01196917613215829,-0.03776465160683154,,,,,-0.0233222931151632,,,,,,,,,,,,
2018-10-08,,,-0.012302465370793247,,0.041652080083752235,,,,,0.00956696529024336,,,,,-0.04350779797112318,,,,-0.025845281526167316,,,-0.017134793931456418,,,,-0.010678598301306814,-0.0034053476766379054,-0.0025899218167862075,,-0.04683806539802077,-0.026891537914411224,,,,,-0.03842592762150357,,,,,,,,,,,,
2018-10-09,,,0.05292416877046146,,,,,,,-9.001380477645067e-06,,,,,-0.023435890318247915,,,,0.011812536567562535,,,0.018347015706859714,,,,-0.004178009496358949,0.021600903364701406,-0.04890667449219462,,-0.07814816396009908,0.054979861388785044,,,,,0.0036334596795311994,,,,,,,,,,,,
2018-10-10,,,-0.03770325046735032,,,,,,,0.007861455308644358,,,,,-0.09903182964725883,,,,-0.03466607438056213,,,-0.012957512724349116,,,,-0.04311364570036828,-0.04220624348708964,-0.0019502650626620766,,0.07722613254352682,-0.07354105446705415,,,,,-0.001914183025928762,,,,,,,,,,,,
2018-10-11,,,-0.0835131451750353,,,,,,,-0.00772761711818489,,,,,-0.07862455205114814,,,,-0.015457440466464538,,,-0.0013594258729784509,,,,0.02203588411842645,0.010286536859940831,-0.003196609207474879,,-0.025166679514328334,0.03438884871434329,,,,,0.01309561281728052,,,,,,,,,,,,
2018-10-12,,,0.05430036660279577,,,,,,,-0.022503282238867592,,,,,0.012268202860105815,,,,-0.023830414896406662,,,-0.016529693622394086,,,,0.017412986863124123,-0.004594780965120668,-0.05266122872949843,,0.11680743001730044,0.031321449569578816,,,,,0.024795045137682423,,,,,,,,,,,,
2018-10-15,,,0.03270458370613023,,,,,,,0.031266959332431274,,,,,0.006538032111761388,,,,0.019471255263011345,,,0.013261795940943179,,,,0.022473928169772773,0.007956687732212515,0.009316877176744285,,,-0.020636751604762058,,,,,-0.02132463868205937,,,,,,,,,,,,
2018-10-16,,,0.014934361450649112,,,,,,,0.00301958296348878,,,,,0.048916344238586054,,,,0.020297533788888846,,,-0.002113598614967377,,,,0.008399800453977407,-0.03149470950170952,0.034311467002644896,,,-0.024959095812498132,,,,,0.013423484800066885,,,,,,,,,,,,
2018-10-17,,,0.017340735612475348,,,,,,,0.00012633811638766164,,,,,0.01630975011908491,,,,-0.008342257508171252,,0.07992485349284573,-0.05668300040501315,,,,-0.010176692186642744,0.016228033031641855,-0.017271543880586653,,,-0.03927779451215632,,,,,0.0,,,,,,,,,,,,
2018-10-18,,,0.02258058862976251,,,,,,,0.0007615900141623704,,,,,-0.011383986940652496,,,,0.005772485700663311,,-0.008026221697155726,0.006370890736896375,,,,-0.01056275302552025,-0.019075919999223086,,,,-0.05233379163729393,,,,,0.015234356802819368,,,,,,,,,,,,
2018-10-19,,,0.025938160708348288,,,,,,,0.0008968644326883675,,,,,-0.023145987057340972,,,,-0.005759068173485001,,-0.1075232295593247,,,,,-0.0029366220317710323,-0.02337401890361721,,,,-0.0062023937726317655,,,,,-0.005070607113001972,0.0012586556798841178,,,,,,,,,,,
2018-10-22,,,-0.0008044724142773469,,,,,,,-0.009346805585566118,,,,,-0.012734305586811327,,,,-1.314290624325476e-06,,0.047413777569317125,,,,,-0.007231125704784885,-0.010130964419771253,,,,0.07013688936887598,,,,,0.053998700268732616,0.0026180233745449187,,,,,,,,,,,
2018-10-23,,,,,,,,,,-0.0016110171056313732,,,,,0.03402788615851764,,,,-0.02287281700297389,,-0.07556537895205087,,,,,-0.012395589639518988,0.0031999752455664074,,,,-0.06942452561582327,,,,,-0.005558316398502006,0.0027718061055117243,,,,,,,,,,,
2018-10-24,,,,,,,,,,-0.004286444854654969,,,,,-0.025794330644660465,,,,-0.025865689938705947,,0.022102778807230414,,,,,0.012868142600436373,-0.02540219780039683,,,,-0.04885732803913487,,,,,-0.010948204559820311,-0.002667285680298191,,,,,,,,,,,
2018-10-25,,,,,,,,,,0.0011122672264908366,,,,,0.035108227492162594,,,,0.022738756167467386,,0.003075834819152771,,,,,0.027319864861686527,-0.0028340436996406445,,,,0.062281007603483166,,,,,-0.025334852425342277,-0.023152122693526938,,,,,,,,,,,
2018-10-26,,,,,,,,,,0.001290908961387018,,,,,-0.0423741591708337,,,,0.004688453497945005,,0.004394969050641009,,,,,0.003083943557361239,-0.02352029926852895,,,,-0.010732942946689875,,,,,-0.0019248593846605466,-0.03984884444168184,,,,,,,,,,,
2018-10-29,,,,,,,,,,0.012941609643378354,,,,,0.017980420271326295,,,,-0.00046177070789852866,,-0.06531121527357299,,,,,-0.0066952516102818885,-0.011447030121249334,,,,-0.04232458487053785,,,,,-0.001909770475567436,0.012594304860167042,,,,,,,,,,,
2018-10-30,-0.014938207947250415,,,,,,,,,0.005406569059037318,,,,,-0.021967687828502433,,,,-0.03887998206490985,,0.03757929107308781,,,,,0.0028718774624162755,0.036525314887268616,,,,-0.017620401271728356,,,,,-0.008969316715303686,0.056383669011232485,,,,,,,,,,,
2018-10-31,-0.03583709474435921,,,,,,,,,-0.01776957625637957,,,,,0.015362884737690742,,,,-0.018345542369086018,,-0.02274293366486036,,,,,0.007658466421273616,0.017196699608767557,,,,0.02073714496941523,,,,,0.04076439053140057,-0.025553541025230164,,,,,,,,,,,
2018-11-01,0.04515160588557783,,,,,,,,,0.006487228117338964,,,,,0.011223910569298992,,,,-0.00737313925716149,,0.01712253527229126,,,,,0.0033311876813958106,,,,,0.14712903359186652,,,,,0.008708565536316113,-0.06340228725890862,,,,,,,,,,,
2018-11-02,0.04062905862923058,,,,,0.005308730131633669,,,,,,,,,-0.007549784809954306,,,,0.011815205666443389,,0.17493747373820895,,,,,0.0055973570241584555,,,,,0.004633258887601761,,,,,0.01465766783578401,-0.03994305118552377,,,,,,,,,,,
2018-11-05,0.021466207043433844,-0.06366972386244489,,,,-0.02320677372622501,,,,,,,,,-0.020607421214886183,,,,0.00812311833804106,,-0.12695872259419352,,,0.021035160964913775,,-0.0021918861389711225,,,,,-0.018509535179172542,,,,,-0.024063051866078333,0.051973930242477456,,,,,,,,,,,
2018-11-06,0.002930938491923375,0.04895366576465039,,,,0.011119538657600745,,,,,,,,,0.024598736270634646,,,,-0.01264857675314381,,0.012811123777744567,,,0.1714735070344916,,0.03516820477174262,,,,,-0.02357854537416914,,,,,0.00926018144798689,-0.04732436369082423,,,,,,,,,,,
2018-11-07,0.005824915302277306,-0.03040641867449368,,,,-0.0062741120113074195,,,,,,,,,0.09005277356088341,,,,0.0008241329520974616,0.02888452784176069,0.02217785348205794,,,-0.02922305709509245,,,,,,,0.044385378224137,,,,,0.015003151520213222,-0.0127689114978482,,,,,,,,,,,
2018-11-08,0.0012544911137251182,0.024823514682748585,,,,-0.015970410054874717,,,,,,,,,-2.5799107877398815e-06,,-0.03106418607530154,,0.00921545670180941,0.0012544911137251182,0.03706566854183147,,0.012473327678822102,0.018390354026821886,,,,,,,-0.06824357838434426,,,,,-0.00986367884377816,0.0011992697329965846,,,,,,,,,,,
2018-11-09,-0.004021194851425899,-0.0403566455471305,,,,-0.015115390818974207,,,,,,,,,-0.07626897593256562,,-0.05481798092440886,,-0.022152097552941303,0.047057595362405835,0.002504156930514509,,-0.017452278925879545,-0.07422120315052547,,,,,,,,,,,,-0.0034760366286569686,-0.01718517055305087,,,,,,,,,,,
2018-11-12,-0.10645361014445308,-0.048702649229962314,,,,-0.03260411317400173,,,,,,,,,-0.01548305211638072,,-0.052081549684179655,,-0.039102141899518224,-0.00676233841697285,0.03662239122494071,,-0.058776713298758505,-0.10771947786376149,,,,,,,,,,,,0.002234449125952722,0.006853677092033132,,,,,,,,,,,
2018-11-13,0.049941444679318846,0.014155586820740591,,,,-0.0004363489502772389,,,,,,,,,0.011980854325259544,,-0.0005794698608121832,,-0.11871954828899216,-0.02596204460080549,-0.03632448699840255,,-0.029033483415826646,0.025907495975657294,,,,,,,,,,,,0.01674324792878859,-0.004271264109760283,,,,,,,,,,,
2018-11-14,-0.032558589063380446,0.006190471024678346,,,,0.04233865907710919,,,,,,,,,-0.020877608587468018,,0.01436107900467768,,-0.04591930004171607,0.04521710281654007,-0.007100260411183898,,-0.02209971483733466,-0.09350868661671752,,,,,,,,,,,,,-0.0008575177759467623,,,,,,,,,,,
2018-11-15,-0.05274215580685068,-0.029306504173934586,,,,-0.012038396853831264,,,,,,,,,0.017495122459624757,,-0.0004996914357561291,,0.017729415457075723,0.0033052502052363575,0.001144323500130176,,0.04943659210992501,0.07168770274698609,,,,,,,,,,,,,-0.010702212659579368,0.060046897600294746,,,,,,,,,,
2018-11-16,0.04805821934180594,-0.04785210757755527,,,,0.009080665322051271,,,,,,,,,0.06260702277976517,,0.04619738760489664,,0.0027468807274403234,-0.04375556341381934,-0.007778306839547805,,0.06616849257715647,0.03787833383380289,,,,,,,,,,,,,-0.0663285891214317,-0.10498428619637865,,,,,,,,,,
2018-11-19,0.05579567989984978,-0.0007107108487808839,,,,0.00047166767858409717,,,,,,,,,-0.0911874544209259,,-0.039751391035404385,,0.006720009739758436,-0.023972439421235864,-0.08912811721379499,,-0.04468198635316931,-0.04350118330606598,,,,,,,,,,,,,-0.022597977467962733,-0.012829787392185977,,,,,,,,,,
2018-11-20,0.03406107758012304,0.026002687351573867,,,,-0.00561971605244301,,,,,,,,,-0.02981934327365343,,-0.07668843603400158,,0.006829854900499004,-0.023145339595108172,0.04238910788498655,,-0.04614827657877454,-0.02824064174127717,,,,,,,,,,,,,-0.01292985401770224,-0.0116591213342215,,,,,,,,,,
2018-11-21,-0.04007039075277558,0.03945147347733816,,,,0.04435576008692139,,,,,,,,,-0.027996675739791185,,-0.003902590299260892,,-0.006023245635350296,-0.011034123055050459,0.06813869599072994,,0.007957035067473537,0.0004360754724511437,,,,,,,,,,,,,0.03423742821925007,0.03873252945428471,,,,,,,,,,
2018-11-22,0.0,0.0,,,,0.0,,,,,,,,,0.0,0.0,0.0,,0.0,0.0,0.0,,0.0,0.0,,,,,,,,,,,,,-0.05783826217197824,-0.002955456146702698,,,,,,,,,,
2018-11-23,0.04278216204571855,0.005737469664832541,,,,0.026299648602549436,,,,,,,,,0.04950899129613288,0.0016218159255136809,0.02762112048224776,,-0.0002755265116407804,0.032088969674430555,0.03664665927341334,,0.03723675648868666,0.03961976628381284,,,,,,,,,,,,,0.0,-0.015548886439924232,,,,,,,,,,
2018-11-26,0.03307327340335775,-0.011447186353958035,,,,-0.06992556110457049,,,,,-0.02001610267638311,,,,0.02119777593181371,-0.01716366191751696,0.03603621835390196,,-0.005173011890146315,0.03074021297742352,0.028952545241134227,,0.02250472001788606,0.035220220580500665,,,,,,,,,,,,,-0.05022159780470622,-0.031446985147751336,,,,,,,,,,
2018-11-27,-0.06157635560863591,-0.0410397185165162,,,,0.0040769110356352585,,,,,-0.027261277317225798,,,,-0.02111840114251777,0.007297719907128858,0.0028334341928433994,,-0.019089629406990362,-0.011181413319195282,-0.045840849009510826,,-0.00016177557021557513,0.024761050141608974,,,,,,,,,,,,,-0.031379408574247626,-0.002343079825357326,,,,,,,,,,
2018-11-28,0.036049264242185936,0.014154057999153619,,,,-0.010351893862076357,,,,,-0.02082086666605528,,,,0.020533643326107246,0.05045993501299527,0.09962414346923906,,0.01549559241077686,0.019142640979795723,-0.019896954501267584,,0.024305903122393727,0.06283497670472885,,,,,,,,,,,,,0.039364507892038984,0.10504481844294175,,,,,,,,,,
2018-11-29,-0.06364935641062168,0.019848845028227376,,,,-0.02841397019887359,,,,,-0.004468606791901256,,,,,-0.1603594883051059,0.046698845028227354,,-0.03446667884232696,0.04677853682789702,-0.003671894436389676,,-0.014621307924612201,0.01847589420855524,,,,,,,,,,,,,-0.024907350040365366,-0.005230776297039804,,,,,,,,,,
2018-11-30,-0.003501045989655311,-0.02127067607641628,,,,-0.040344399308005374,,,,,0.014425756552531742,,,,,0.0418699709532678,0.06706255555505376,,0.023149762950956762,-0.03356644617651301,-0.05256147035480169,,0.023964791990847806,0.003963957337912686,,,,,,,,,,,,,0.06224508877746806,0.025516781196329087,,,,,,,,,,
2018-12-03,-0.10127197853605413,0.01824967203231436,,,,-0.039449298549723046,,,,,-0.0012423477210065509,,0.015270994373730725,,,0.004624334345752892,-0.0068992489593031675,,,0.034117174963845254,0.2802835905912946,,0.14218502575828149,0.0076367393490636305,,,,,,,,,,,,,-0.023663889619650155,0.11196780620252658,,,,,,,,,,
2018-12-04,0.12802024424032063,-0.008207802147402878,,,,-0.03783941035032057,,,,,0.035971915439246535,,-0.0035219917425007956,,,0.007951989080138909,0.005452828021130457,,,-0.06623800686259573,-0.059568537783492394,,-0.09942731434252497,-0.02294662104079865,,,,,,,,,,,,,-0.010378829595332139,-0.0035341789088903894,,,,,,,,,,
2018-12-05,0.0,0.0,,,,0.0,,,,,0.0,,0.0,,,0.0,0.0,,,0.0,0.0,,0.0,0.0,,,,,,,,,,,,,-0.020522437132094565,-0.042230223188210056,,,,,,,,,,
2018-12-06,-0.0704153763903286,-0.017988905802093308,,,,0.05786796524517877,,,,,-0.017405710096065095,,0.012067626861223413,,,-0.0016099787125854205,0.04306044343868758,,,-0.017999565267698626,0.08648883795673859,,0.039646918798017156,-0.11040475145069747,,,,,,,,,,,,,0.003154419568288943,-0.033991696539297137,,,,,,,,,,
2018-12-07,0.06232506055073982,-0.011269853589064873,,,,-0.002168598805374627,,,,,0.000936785828526172,,0.015386790791201657,,,-0.07093052928570907,-0.03343183542415786,,,-0.014991133969311614,-0.011984168910230547,,-0.07089898285275104,-0.01734416631344512,,,,,,,,,,,,,-0.04810391123579387,0.013344579013977887,,,,,,,,,,
2018-12-10,0.02684644929285809,-0.07128526952111781,,,,0.02333390714077557,,,,,-0.06443051293743948,,0.05109910059777152,,,-0.020958817629284254,-0.00923561976129672,,,-0.009214430755363816,-0.03087443223651615,,0.054240430355747354,0.008251322669293692,,,,,,,,,,,,,-0.010994308207012663,-0.0672531163833689,,,,,,,,,,
2018-12-11,-0.01331155188100566,0.0029832332777347086,,,,-0.0035614471181149377,,,,,-0.016163168511486838,,0.04311936065996386,,,-0.018328094726685284,-0.06575588174469037,,,-0.028033100324429856,0.0020105250047673835,,0.013204373686153171,-0.01980673285436502,,,,,,,,,,,,,-0.04881415806085926,-0.012720207502527892,,,,,,,,,,
2018-12-12,-0.06275730688673087,-0.023688765440068208,,,,0.043480533789088206,,,,,-0.006862951659939814,,0.04974372423607632,,,-0.0666828084341111,0.003956922205619554,,,-0.0008567487847039067,,,0.05292100811069077,0.005755049690549682,,,,,,,,,,,,,-0.012377855408512342,0.03194774727442965,,,,,,,,,,
2018-12-13,0.011485158879924977,0.0015285310675096759,,,,-0.011831749087703984,,,,,-0.02677677808117286,,-0.1285174037051131,,,-0.06105111949775234,0.04217241776125999,,,-0.010997450965254061,,,-0.008234442207452177,-0.0025707767212296076,,,,,,,,,,,,,0.009812669035239613,0.01999552609966017,,,,,,,,,,
2018-12-14,-0.10240162726489951,0.02666174062105638,,,,-0.024271320773077018,,,,,0.033352862148126536,,-0.022436981464595385,,,0.06471575213170608,0.05253399254421015,,,-0.03347411802049949,,,0.0011388904461795881,0.012603782102948493,,,,,,,,,,,,,,-0.010637897838285795,,,,,,,,,,
2018-12-17,0.09348532975579982,-0.005041031779470873,,,,-0.017107271126324923,,,,,-0.01612488970047283,,-0.07919394794343254,,,-0.027376515243024008,-0.0885379929762917,,,-0.039124662444961864,,,-0.11205425801203826,-0.020124322052839975,,,,,,,,,,,,,,0.05979635693900224,,,,,,,,,,
2018-12-18,0.003207769246883605,-0.01571272171521969,,,,0.005092314639032,,,,,0.011423588029785723,,-0.019582633819604962,,,0.03769264301089967,0.025016459825417576,,,-0.003470210843510867,,,0.027891415053850278,0.010578351782777393,,,,,,,,,,,,,,-0.026285245694145865,,,,,,,,,,
2018-12-19,0.06019300593020897,-0.05018925352451534,,,,0.005143225660234259,,,,,0.013838631825080357,,0.004139147730048944,,,-0.006120315226922823,-0.026838415907770943,,,-0.014310386503651532,,,0.01449173765225923,0.003026788350698391,,,,,,,,,,,,,,-0.0521533288694207,,,,,,,,,,
2018-12-20,-0.11465090056278388,0.004813848629440275,,,,0.009166637168066046,,,,,-0.053146818599741366,,-0.0349710976071189,,,-0.03488681610690823,0.016728488979927562,,,-0.08845713337163577,,,-0.056866287844017774,-0.02535603531313608,,,,,,,,,,,,,,0.009577320405800279,,,,,,,,,,
2018-12-21,-0.11461812729455163,0.039569962344028514,,,,0.00901519930744428,,,,,-0.016205846592797356,,-0.00985510032414055,,,-0.005114167085863635,-0.008430946194391019,,,0.014963414107591846,,,-0.029773393415026335,-0.013168629764318266,,,,,,,,,,,,,,0.01941663508920576,,,,,,,,,,
2018-12-24,-0.0890902274005918,-0.02386902585820737,,,,0.0007372693900708528,,,,,0.041804711413012945,,-0.04584981675166805,,,-0.007570636720988814,0.004623927334068299,,,-0.03369406980594314,,,0.018993513895166046,0.012727623428141247,,,,,,,,,,,,,,-0.0027921735867732335,,0.0035836602055282036,,,,,,,,
2018-12-25,,0.0,,,,0.0,,,,,0.0,,0.0,,,0.0,0.0,,,0.0,,,0.0,0.0,,,,,,,,,,,,,,0.0,,0.0,,,,,,,,
2018-12-26,,-0.031017743390423833,,,,-0.004015164252914184,,,,,0.003674624894479464,,0.029454108568699962,,,0.10230141776587662,0.049762703141508956,,,0.03699171430912982,,,0.058390626246396134,0.025368933902221176,,,,,,,,,,,,,,0.0,,0.0,,,,,,,,
2018-12-27,,-0.046534835711191366,,,,-0.010648206745194878,,,,,0.016602609650634682,,0.03258504486257378,,,0.004229323713441543,0.026599356402988068,,,0.030175040698876884,,,0.00893454444640622,-0.02678427550034073,,,,,,,,,,,,,,0.02014896294218746,,-0.05583760780121773,,,,,,,,
2018-12-28,,0.11336587165573438,,,,,,,-0.11072114578522627,,0.026786330229268428,,-0.0016014486057035406,,,0.04281486644352282,0.005428465924211037,,,0.0435519357186652,,,0.014968599703475083,0.04666277684753628,,,,,,,,,,,,,,0.05138991032928324,,0.03521740359073869,,,,,,,,
2018-12-31,,,,,,,,,-0.04632195676678355,,0.021252156934587436,,0.022479837465060992,,,-0.0028966927760806487,-0.02743355941821051,,,-0.024828193471915797,,,0.017042535095107586,,,,,,,,,,,,,,,0.07402251305975,,0.01957760226722826,,,,,,,,
2019-01-01,,,,,,,,,0.0,,0.0,,0.0,,,0.0,0.0,,,0.0,,,0.0,,,,,,,,,,,,,,,0.0,,0.0,,,,,,,,
2019-01-02,,,,,,,,,-0.02454836656297711,,-0.01916952432793465,,-0.009311051709638802,,,0.08898837938764771,-0.024372016454868466,,,,,,-0.07212279038143941,,,,,,,,,,,,,,,-0.025580228061725538,,-0.0053611409247959745,,0.13010396660526005,,0.0,,,,
2019-01-03,,,,,,,,,0.14737833810751266,,0.0036266107929110985,,-0.033573521848723656,,,-0.05750416034641445,,,,,,,,,,,,,,,,,,,,,,-0.03324428116465965,,-0.02152554492783273,,-0.058306075413578004,,0.0,,,,
2019-01-04,,,,,,,,,-0.08412819901732148,,-0.0022979581185775567,,0.0707526427022221,,,0.00011938744813929508,,,,,,,,,,,,,,,,,,,,,,-0.017915964389597628,,-0.009535105911821409,,0.017227097899952557,,0.03785022955821112,,,,
2019-01-07,,,,,,,,,-0.12248538731489435,,-0.00442096825897388,,0.03303729846844248,,,0.05923988069599276,,,,,,,,,,,,,,,,,,,,,,-0.05814501156873737,,-0.00575762418134998,,-0.06016664593955973,,0.00029162073135052466,-0.016559696771437662,,,
2019-01-08,,,,,,,,,-0.034858366259072716,,0.003401664411826099,,0.022270995922335852,,,0.03020770240804455,,,,,,,,,,,,,,,,,,,,,,0.008754525161473653,,-0.02914991875298691,,-0.05852142390113037,,0.0170599287561261,-0.0699506538932346,,,
2019-01-09,,,,,,,,,-0.10702138886255795,,-0.016594467717404672,,0.012472438973264333,,,-0.009179137949133562,,,,,,,,,,,,,,,,,,,,,,-0.016057267001499845,,-0.011340285869424474,,-0.028061580671668973,,-0.017241304814059402,-0.0022019894882200127,,,
2019-01-10,,,,,,,,,0.04403707371644983,,0.00604336044598378,,0.02181364664591808,,,-0.02380320821718934,,,,,,,,,,,,,,,,,,,,,,,,0.00403776809214774,,-0.010320371060988426,-0.05211093558296315,0.0014567944928592313,0.04414971440909704,,,
2019-01-11,,,,,,,,,-0.05892387866434524,,-0.012278155140823319,,0.0013438195136429112,,,0.022703140902107472,,,,,,,,,,,,,,,,,,,,,,,,-0.007877679798311422,,-0.032627863300064654,0.0878298247356652,0.0030997181510774062,-0.06132013045817836,,,
2019-01-14,,,,,,,,,-0.05693234712570743,,-0.011266540507352618,,-0.005619949563528652,,,0.08755701106601017,,,,,,,,,,,,,,,,,,,,,,,,0.00348104237543677,,-0.030671413956969207,0.0,0.0,-0.060381558884505436,,,
2019-01-15,,,,,,,,,-0.000694189211688942,,0.02329109339360301,,0.01639218314915556,,,-0.037885662934584945,,,,,,,,,,,,,,,,,,,,,,,,-0.01183808813243505,,-0.002162702482289133,0.023151412967585196,-0.0175379869816281,-0.007909828919070742,,,
2019-01-16,,,,,,,,,-0.030308063703839087,,-0.007503677475795121,,0.013291020345176058,,,-0.003959986260871205,,,,,,,,,,,,,,,,,,,,,,,,0.0262956251574122,,0.06644476323988811,0.10827097593860197,0.00939576052075205,0.0036737987055825024,,,
2019-01-17,,,,,,,,,-0.011998050454853462,,-0.007012638227761613,,0.01719192785793193,,,,,,,,,,,,,,,,,,,,,,,,,,,0.017848328606629278,0.02311521950420365,-0.059051438817775824,0.009680239520676572,0.0031477511858342797,-0.04521060836794884,,,
2019-01-18,,,,,,,,,0.09265037570965293,,0.010928067856275057,,0.01517389074369108,,,,,,,,,,,,,,,,,,,,,,,,,,,0.0036700464154089457,0.013564555014501706,-0.04669989873869931,-0.02133898304953912,-0.006747520699231559,-0.03427949909003879,,,
2019-01-21,,,,,,,,,0.0,,,,0.0,,,,,,,,,,,,,,,,0.0,,,,,,,,,,,-0.013426809591185378,0.0038847730195727555,-0.05349013628440291,-0.04885116416842215,0.0013605187121146218,-0.06358950401150935,,,
2019-01-22,,,,,,,,,0.041561400629743464,,,,-0.01777342899686329,,,,,,,,,,,,,,,,0.03843752702647544,,,,,,,,,,-0.015295646715045338,0.00019638112901538543,0.003172941259089432,0.11759716800836724,0.019045957132105305,0.003172941259089432,0.06942885612949043,,,
2019-01-23,,,,,,,,,0.029201583229461286,,,,0.0031461257419649813,,,,,,,,,,,,,,,,0.009033688061566021,,,,,,,,,,0.027105633872258776,0.006604658394753251,0.0037763896468293295,0.008872620038684905,0.0005197310511876828,0.0016564534448160887,0.037487225381010736,,,
2019-01-24,,,,,,,,,-0.011864309296690311,,,,0.015022131080064576,,,,,,,,,,,,,,,,0.0635262081142876,,,,,,,,,,0.08966950282699121,-0.0004349918583037146,-0.01586343248544725,-0.017942409459624584,-0.021223782551600144,-0.002518717690856535,-0.00046070619947821126,,,
2019-01-25,,,,,,,,,-0.04112716794375175,,,,0.015386811830192295,,,,,,,,,,,,,,,,-0.044470632875695484,,,,,,,,,,0.008830856986970847,0.011538820090973557,0.0158978527212221,0.006462236025064994,0.1138633165680242,-0.012759970555666796,-0.018362127819097834,,,
2019-01-28,,,,,,,,,-0.03560714417602901,,,,,,,,,,,,,,,,,,,,-0.008519267848220623,,,,,,,,,,-0.02535100221075246,-0.004995287109177785,0.003381010152608364,0.027876504433515595,0.10623815300975122,0.004106120731971717,0.026636724243192585,,,
2019-01-29,,,,,,,,,-0.006988936953545186,,,,,,,,,,,,,,,,,,,,0.019958874077867138,,,,,,,,,,0.0008209751908839632,0.005699023971371664,0.003175230809965695,-0.04193217237813755,0.025398863735043454,0.00021671315873543864,0.011534337610111566,,,
2019-01-30,,,,,,,,,0.03240684346707519,,,,,,,,,,,,,,,,,,,,-0.029895636176337243,,,,,,,,,,0.0037281795363382298,0.0060716679862881226,0.007874021763797423,-0.053117794411198176,-0.03029059451809584,-0.028957152941369895,-0.058594739609067525,,,
2019-01-31,,,,,,,,,0.022492588312072168,,,,,,,,,,,,,,,,,,,,-0.009621376903913294,,,,,,,,,,0.03315194396691048,-0.0022092117313238803,-0.046195261040357496,0.0003059559423442818,0.1015996076218484,-0.030799494345452847,0.010109877510971733,,,
2019-02-01,,,,,,,,,-0.017439608964883724,,,,,,,,,,,,,,,,,,,,-0.06800784613084138,,,,,,,,,,0.0841163604704455,0.00020989554609881594,-0.009721882538237525,-0.002643365694750695,-0.0033309949492401807,-0.012428202629504713,0.05007249574030417,,,
2019-02-04,,,,,,,,,0.015130416409914613,,,,,,,,,,,,,,,,,,,,0.06189166833615933,,,,,,,,,,-0.01629302403996854,0.0037354023559706025,7.673807071861567e-05,0.0,-0.09719278558257256,0.015799338431678123,0.0,,,
2019-02-05,,,,,,,,,0.14916091076238167,,,,,,,,,,,,,,,,,,,,0.009766971368442259,,,,,,,,,,0.0,0.0,-0.04098950853015849,0.0,-0.0468925963886988,0.003923573366802336,0.0,,,
2019-02-06,,,,,,,,,-0.054677226177179065,,,,,,,,,,,,,,,,,,,,-0.004210440450387108,,,,,,,,,,0.0,0.0,0.015363780463319373,0.0,0.08279568522336071,-0.026962120293244303,0.0,,,
2019-02-07,,,,,,,,,-0.010929021294146059,,,,,,,,,,,,,,,,,,,,0.005347455851896471,,,,,,,,,,0.0,0.0,-0.02253842842384473,0.062323616693368215,-0.01606203170549965,-0.008009544213759746,0.0670610997554083,,,
2019-02-08,,,,,,,,,0.0075893885943211096,,,,,,,,,,,,,,,,,,,,-0.0177178103688636,,,,,,,,,,-0.03400979030455331,0.0007840241284363251,-0.02117766468812922,0.019950360052268138,-0.020970231723046996,-0.018151679573573838,0.03090262283394315,,,
2019-02-11,,,,,,,,,-0.05597249840789266,,,,,,,,,,,,,,,,,,,,0.02209445871203408,,,,,,,,,,-0.019555279698323515,-0.019457484761550136,0.0,0.05976088020138459,0.0,0.0,0.04355228259743815,,,
2019-02-12,,,,,,,,,-0.04094839696347029,,,,,,,,,,,,,,,,,,,,0.058757802376893264,,,,,,,,,,0.007652728659748019,-0.021523982664478088,0.007472500448412524,-0.03080462571183563,-0.0793639643772641,0.005756224393082871,-0.041706881350933374,,,
2019-02-13,,,,,,,,,-0.003360417264224275,,,,,,,,,,,,,,,,,,,,-0.01025652309456837,,,,,,,,,,0.019781366460959186,0.005779609011263397,0.016778848792916922,-0.026577330399314397,-0.011026979141078648,-0.00021473421041664706,0.00697050774159385,,,
2019-02-14,,,,,,,,,0.038362848960626805,,,,,,,,,,,,,,,,,,,,0.07189922087128969,,,,,,,,,,0.009023937548436336,-0.007020012840117955,-0.0017827276775435911,-0.008274638904189212,-0.09773998521411188,-0.00983201004351319,-0.03267478761583162,,,
2019-02-15,,,,,,,,,-0.036986973973267286,,,,,,,,,,,,,,,,,,,,-0.053703039445954046,,,,,,,,,,-0.04534575362574982,0.002751960542289704,-0.016900863347950823,-0.009798429887384722,-0.033594229169414576,0.007062577446361583,0.041019850544629616,,,
2019-02-18,,,,,,,,,0.0,,,,,,,,,,,,,,,,,,,,0.0,,,,,,,,,,0.016797751022419642,-0.004678887821926277,0.0363291822157363,0.027356631876801114,0.06290004754655926,0.023571908274630612,-0.028265890666605082,,,
2019-02-19,,,,,,,,,0.014001688079446978,,,,,,,,,,,,,,,,,,,,0.05429081037752497,,,,,,,,,,-0.00731173196916762,-0.011126270314497727,-0.01077502695278517,-0.00965054220828388,0.14610760768675657,0.02041689218811051,-0.007321072105072209,,,
2019-02-20,,,,,,,,0.008276894765637777,-0.024510613163454393,,,,,,,,,,,,,,,,,,,,0.0061454317359743,,,,,,,,,,-0.03220149372818264,-0.0050644516657674145,0.008083833129874572,-0.03560707874661229,0.04625006480785526,-0.00845379874268699,0.008478405408834828,,,
2019-02-21,,,,,,,,0.025185768231913933,-0.04166111152744345,,,0.0355604227902238,,,,,,,,,,,,,,,,,-0.014534814864175825,,,,,,,,,,0.002152295045269484,0.01136852963523463,0.0273048155582226,-0.025177065495533984,0.1390363677101763,-0.0022211798846799983,-0.005044341972979951,,,
2019-02-22,,,,,,,,0.04770524532724533,,,,0.07852522520724385,,,,,,,,,,,,,,,,,0.050640609822628524,,,,,,,,,,0.04257834694147474,-0.00821366407780906,0.001233343662844753,0.019877050965960274,-0.014982872553371464,0.004978948310452048,-0.0057319530426737045,,,
2019-02-25,,,,,,,,-0.04372700915849941,,,,0.029161879730389504,,,,,,,,,,,,,,,,,0.05216343940348202,,,,,,,,,,0.006814914159339398,-0.002481234579040335,-0.028636678784863676,0.022265492857288433,-0.0758702182636026,0.011629080853242853,-0.021852154201535096,,,
2019-02-26,,,,,,,,-0.041871412845983225,,,,0.03492259802020672,,,,,,,,,,,,,,,,,-0.04493814144174115,,,,,,,,,,-0.0033461344205942874,0.02150523819699623,0.01054199642267835,-0.01810965389010323,0.1743798869400514,0.006233383384251282,0.004613479078931377,,,
2019-02-27,,,,0.07003946304948415,,,,-0.03367560247732439,,,,-0.12571880067164024,,,,,,,,,,,,,,,,,0.033232915043767526,,,,,,,,,,-0.020937987056455082,-0.012796505038802228,-0.004076603319497792,,0.002790737372987952,,0.005786145411187008,,,
2019-02-28,,,,-0.012653722830540509,,,,-0.015153491727098659,,,,0.043417546602832084,,,,,,,,,,,,,,,,,-0.024006372150902976,,,,,,,,,,0.0021604843824762983,0.010424947192393624,-0.03251571691084514,,0.01609148386218787,,0.0661012565059925,,,
2019-03-01,,,,0.028329244047368727,,,,0.06852782865040807,,,,0.05014829979770463,,,,,,,,,,,,,,,,,0.006541232168364105,,,,,,,,,,0.0225848497795977,-0.0031255697061939674,-0.004151621050645709,,-0.014929109187899558,,0.0,0.06887443029380591,,
2019-03-04,,,,-0.07096981931724218,,,,-0.0047263665621615405,,,,-0.005451004243321007,,,,,,,,,,,,,,,,,0.0002919484561536381,,,,,,,,,,-0.013112383652912294,-0.022230425090690606,0.00522365875994933,,-0.035958400279102645,,,-0.0025582939431497507,,
2019-03-05,,,,-0.006213922567144119,,,,0.00823592061663148,,,,-0.10105493610122421,,,,,,,,,,,,,,,,,0.01487503949548459,,,,,,,,,,-0.03336803686332113,0.0033097780753633056,-0.004617218813568537,,-0.07715448928577702,,,-0.00127848462451513,,
2019-03-06,,,,-0.006294256028913302,,,,-0.06905002576552034,,,,0.019351770299706837,,,,,,,,,,,,,,,,,0.005975025951238591,,,,,,,,,,0.042825848829079784,-0.0113120822054031,0.0044364798229928285,,0.04171862139072334,,,0.04476512825536922,,
2019-03-07,,,,0.005441214936004614,,,,-0.08824483712358294,,,,-0.07223273022855854,,,,,,,,,,,,,,,,,-0.02137004524879097,,,,,,,,,,0.015013130472588346,-0.009022914699520105,-0.011861428766578256,,-0.0437570217686208,,,-0.030078710755316405,,
2019-03-08,,,,-0.016139911876967897,,,,-0.06051605163845883,,,,0.026000934200560925,,,,,,,,,,,,,,,,,-0.04835112129530361,,,,,,,,,,-0.010034519116121769,0.012986293304409556,-0.04470257645935978,,0.016251063713412554,,,-0.0372824096410122,,
2019-03-11,,,,-0.11377560170754311,,,,-0.045864030095153385,,,,-0.000744073840440956,,,,,,,,,,,,,,,,,0.038227722986820444,,,,,,,,,,0.03246448130406639,0.01213795069182155,0.0023336969615111755,,0.035363783694189035,,,0.05852053995003447,,
2019-03-12,,,,-0.02420393711846294,,,,0.03922465057437017,,,,-0.021617651299548717,,,,,,,,,,,,,,,,,0.020869704323893644,,,,,,,,,,0.11092698669798173,0.05120348677106172,-0.016185862664818102,,0.01421751407232995,,,0.0863490246141559,,
2019-03-13,,,,-0.04196719113894214,,,,-0.016711873201403594,,,,0.0011500621085229193,,,,,,,,,,,,,,,,,-0.025879181007522886,,,,,,,,,,0.010006844717064662,-0.010677362942138955,0.08290743358587273,,-0.022069230501191753,,,-0.011387296921793471,,
2019-03-14,,,,-0.07629658723923201,,,,0.05836085086976143,,,,0.023451924414767764,,,,,,,,,,,,,,,,,-0.011304379740063061,,,,,,,,,,-0.05207393842297844,-0.01036264993951209,,,0.026769591474818784,,,-0.0808077457681479,,
2019-03-15,,,,-0.07385649840660666,,,,0.037853369892844865,,,,0.021507548567196513,,,,,,,,,,,,,,,,,0.030878589291178385,,,,,,,,,,0.02726016965067169,-0.001172398387106394,,,-0.0325766497540512,,,0.0682905241001438,,
2019-03-18,,,,0.09250499629599694,,,,0.04025228280019501,,,,0.07676030089230035,,,,,,,,,,,,,,,,,,,,,,,,,,,-0.009171348862847126,-0.005224723349992917,,,-0.034153232759307234,,,-0.0034051322966232064,,
2019-03-19,,,,-0.0017124745945123177,,,,0.02398874815934213,,,,0.06751663862916847,,,,,,,,,,,,,,,,,,,,,,,,,,,,-0.018687046734433277,,,0.015253382339859463,,,0.007008074791336294,,
2019-03-20,,,,-0.028803884981078928,,,,-0.01721942746158442,,,,-0.012098661407665473,,,,,,,,,,,,,,,,,,,,,,,,,,,,-0.0335998739943409,,,-0.0269327665724454,,,0.020565247287463104,0.009800663101334303,-0.01776230923436509
2019-03-21,,,,-0.008181078713095122,,,,-0.025532077882275954,,,,-0.00628610300431502,,,,,,,,,,,,,,,,,,,,,,,,,,,,-0.005950982229734199,,,0.0,,,-0.02574690059708116,0.004253099402918795,0.020622183005763923
2019-03-22,,,,-0.05496945800226626,,,,-0.01589070584939982,,,,-0.06108072231761758,,,,,,,,,,,,,,,,,,,,,,,,,,,,-0.007591767902461169,,,-0.03289983972200257,,,-0.07402933949467198,-0.0007189156687841875,-0.04293946365130607
2019-03-25,,,,-0.030092274548942477,,,,0.07465776362149401,,,,0.023567684622827767,,,,,,,,,,,,,,,,,,,,,,,,,,,,0.0032125615252795716,,,-0.01244078427468024,,,-0.0009918687380640178,-0.03476993587116617,-0.026142388189586495
2019-03-26,,,,-0.015774130359021647,,,,-0.005138578515091557,,,,-0.03617057476263255,,,,,,,,,,,,,,,,,,,,,,,,,,,,-0.02341166854622177,,,0.024659326825508684,,,-0.009513584922528443,0.003048359168958282,0.012434640861510568
2019-03-27,,,,-0.020288292909937902,,,,-0.08187202474383314,,,,-0.028080054956668155,,,,,,,,,,,,,,,,,,,,,,,,,,,,0.03282672728667086,,,0.0304569730388493,,,0.041312295077928066,0.011100154033664145,0.032950782431326105
2019-03-28,,,,0.04026621626413819,,,,0.015689717396617744,,,,0.026666395221165637,,,,,,,,,,,,,,,,,,,,,,,,,,,,0.011230878803125878,,,-0.01453777472480416,,,0.013675439655230173,-0.019543905728257913,-0.10797400159625867
2019-03-29,,,,0.17524032032904438,,,,0.03432686642797022,,,,0.01304936344315024,,,,,,,,,,,,,,,,,,,,,,,,,,,,0.00030363969258149007,,,-0.0013174931098156434,,,0.022582551257207345,0.005379715924600983,-0.026915000000750682
